{
  "$schema": "configuration.schema.json",
  "simulation_duration": 36500,
  "initial_conditions": {
    "antigens": 2,
    "active_macrophages": 5,
    "resting_macrophages": 10,
    "il-6": 0,
    "il-8": 0,
    "il-10": 0.7,
    "tnf-alpha": 0.17,
    "cortisol": 2.32
  },
  "parameters": {
    "k_6": 4.64,
    "k_6M": 0.01,
    "k_6TNF": 0.81,
    "k_8": 0.464,
    "k_8M": 0.056,
    "k_8TNF": 0.56,
    "k_10": 1.1,
    "k_10M": 0.19,
    "k_TNF": 200,
    "k_TNFM": 1.5,
    "k_MTNF": 8.65,
    "q_IL6": 0.6,
    "q_IL8": 0.2,
    "q_IL10": 0.15,
    "q_TNF": 0.14,
    "n_106": 560,
    "n_610": 34.8,
    "n_66": 560,
    "n_6TNF": 185,
    "n_TNF6": 560,
    "n_810": 17.4,
    "n_8TNF": 185,
    "n_M10": 4.35,
    "n_TNF10": 17.4,
    "n_MTNF": 0.1,
    "h_106": 3.68,
    "h_610": 4,
    "h_66": 1,
    "h_6TNF": 2,
    "h_TNF6": 2,
    "h_810": 1.5,
    "h_8TNF": 3,
    "h_M10": 0.3,
    "h_TNF10": 3,
    "h_MTNF": 3.16,
    "k_106": 0.0191,

    "ktc": 3.43,
    "kmct": 8.69,
    "kmtc": 2.78,
    "kcd": 1.55,
    "klt": 3.35,
    "klt6": 1.0,
    "Cmax": 3,

    "beta_A": 0.02,
    "k_A": 50.0,
    "m_A": 0.9,
    "MR_max": 5,
    "k_MA": 2.51,
    "k_MR": 6,
    "k_M": 1.414,

    "glucose": [
      [0.3968184493713869, 2.291139049458925],
      [0.6997298398659759, 2.434957815777956],
      [1.0623179437644321, 2.3027755557903316],
      [1.424091039437342, 2.2563049941892928],
      [1.7468342967535504, 2.3144724331014075],
      [2.0320871756946435, 2.3153779977964586],
      [2.280574128016662, 2.1828335119308147],
      [2.505335285328343, 2.545451801319105],
      [2.690613821935796, 3.0603257014353202],
      [2.722218029793078, 3.7366165084443903],
      [2.792942632476568, 4.298745792897354],
      [2.8278974297055406, 4.62266628431713],
      [2.8801485126099875, 5.127594065532699],
      [2.85750939523371, 5.508474576271187],
      [2.930588466124334, 5.822992287607347],
      [2.9830206619677915, 6.308873024737009],
      [3.0540169340597982, 6.842431743061111],
      [3.2732541467316656, 5.785984877069592],
      [3.447484794059495, 5.462728466426189],
      [3.4523748434127715, 4.948458276106676],
      [3.5152210332493175, 4.3391339782966325],
      [3.5970840816819347, 3.7298700514662606],
      [3.6780415654195036, 3.215841345065427],
      [3.778378133631164, 2.6637789214724474],
      [3.915118402583878, 2.2832606366119794],
      [3.9935403051753022, 2.0358905474138584],
      [4.242208370436331, 1.8842990174623058],
      [4.547927011485579, 1.7328886004497637],
      [4.966297900599182, 1.7342167620025055],
      [5.3642030276046295, 1.8878609052628406],
      [5.686946284920838, 1.9460283441749553],
      [6.028525287894109, 2.0233031981526484],
      [6.389211705932958, 2.0911149010670567],
      [6.731243491253755, 2.1207721448299814],
      [7.131684199405347, 2.007757670887603],
      [7.550598427335981, 1.9519447001826222],
      [7.930935599257436, 1.9531521197760249],
      [8.35003094012708, 1.8782921049851353],
      [8.592360052522753, 2.3933471180403583],
      [8.700303364172841, 3.041308842839248],
      [8.7314547896826, 3.7652172600630873],
      [8.801183271201532, 4.432105286988545],
      [8.872088986824034, 4.975187527355601],
      [8.886306352536334, 5.47999456661183],
      [8.976319483224415, 6.013613655915602],
      [8.989450171302654, 6.632702959687278],
      [9.038350664835413, 7.4900010564921455],
      [9.162956366874445, 6.385634725387507],
      [9.394147033520985, 6.0720829497260675],
      [9.475828969014593, 5.481866066981603],
      [9.556786452752164, 4.96783736058077],
      [9.656217456268772, 4.51101015741733],
      [9.660564166805017, 4.05388109935554],
      [9.816683520231825, 3.635329097302927],
      [9.915390071992395, 3.254690070483119],
      [10.071147199541182, 2.8742321566023215],
      [10.284136015817195, 2.4749083115746267],
      [10.438806465731922, 2.208732662209277],
      [10.555986537271533, 1.885295138626864],
      [10.995004301432301, 1.7152602743861038],
      [11.509365048221321, 1.6216550704076553],
      [12.117270628009116, 1.6902515960577738],
      [12.591243189398856, 1.8441372232367907],
      [13.086315408183282, 1.7790422144075357],
      [13.637894863938904, 1.771269450775014],
      [14.132061518028284, 1.8014096623752973],
      [14.47336885159304, 1.9072550824818535],
      [14.619617549843788, 2.5267669831112194],
      [14.671415850400713, 3.0793123745415585],
      [14.665620236352389, 3.6888177852906123],
      [14.812231160481158, 4.270235597748163],
      [14.789320373696366, 4.679686674615514],
      [14.842658134234874, 5.070332191315635],
      [14.8767979232383, 5.479964381121996],
      [14.872994551519085, 5.879952306926062],
      [14.926332312057593, 6.270597823626184],
      [14.942360807159996, 6.584934422023335],
      [14.958298745792899, 6.908794542463439],
      [15.048674102358994, 7.4043195435953955],
      [15.044780174170274, 7.813830991442415],
      [15.202891769926197, 7.185761504444814],
      [15.38699307243008, 7.82444119111943],
      [15.548545814027197, 6.834477866489579],
      [15.684471074754367, 6.539671280015697],
      [15.670797047859097, 5.977723108501745],
      [15.808986220323892, 5.444828470954015],
      [15.982764085304193, 5.1691896705253795],
      [16.143320705736752, 4.283985088368023],
      [16.37478304179181, 3.941862746577721],
      [16.418069034215254, 3.3896192100457316],
      [16.593748585055163, 2.9139864467150653],
      [16.75023016435999, 2.4573403564906364],
      [16.963037867696997, 2.0770635555488504],
      [17.231085017432118, 1.8874383084051498],
      [17.669740555714867, 1.7554975323362072],
      [18.127050726715666, 1.6617112154187499],
      [18.73559020179, 1.6636430867681913],
      [19.38234450699549, 1.6466486559910667],
      [19.87633004814586, 1.695835911677257],
      [20.33228187210408, 1.74490242540411],
      [20.845737054198043, 1.7465324418552015],
      [20.99787192296663, 1.7470154096925619],
      [21.285117044236834, 1.5384034894426257],
      [21.874458547776083, 1.559322033898308],
      [22.293372775706718, 1.5035090631933237],
      [23.0357547127096, 1.4296753550568262],
      [23.34093001494182, 1.3354060703020085],
      [23.81617036690463, 1.355962388879668],
      [24, 1.356747211615378]
    ]
  }
}
